drop table sales;
drop table employee;
drop table products;


create table employee (
emp_id int(7) primary key,
first_name varchar(50) not null,
last_name varchar(50) not null,
hire_date date
);

create table products (
product_id int(6) primary key,
product_name varchar(50),
product_price float,
description varchar(200)
);

create table sales(
emp_id int(7),
foreign key (emp_id) references employee(emp_id),
product_id int(6),
foreign key (product_id) references products(product_id),
qty_sold int,
date_sold date
);

insert into employee values
(1234567, 'Matthew', 'Mason', '2013/3/4'),
(1234568, 'Brett', 'Hansen', '2013/8/21'),
(1245670, 'Lilia', 'Chakarian', '2014/1/2'),
(1234987, 'Pedro', 'Ramos', '2014/6/14/');

insert into products values
(456743, 'doodad', 45.99, 'does some cool stuff'),
(234543, 'doohickey', 67.84, 'does something neat'),
(123454, 'thing-a-magig', 99.99, 'awesome'),
(999999, 'whatcha-ma-call-it', 199.99, 'omfg');

insert into sales values
(1234567, 999999, 30, '2014/01/15'),
(1234568, 999999, 66, '2014/01/15'),
(1245670, 999999, 9, '2014/01/15'),
(1234567, 999999, 44, '2014/02/15'),
(1234568, 999999, 56, '2014/02/15'),
(1245670, 999999, 7, '2014/02/15'),
(1234567, 999999, 90, '2014/03/15'),
(1234568, 999999, 12, '2014/03/15'),
(1245670, 999999, 1, '2014/03/15'),
(1234567, 999999, 34, '2014/04/15'),
(1234568, 999999, 22, '2014/04/15'),
(1245670, 999999, 1, '2014/04/15'),
(1234567, 999999, 120, '2014/05/15'),
(1234568, 999999, 99, '2014/05/15'),
(1245670, 999999, 95, '2014/05/15'),
(1234567, 999999, 11, '2014/06/15'),
(1234568, 999999, 568, '2014/06/15'),
(1245670, 999999, 7, '2014/06/15'),
(1234987, 999999, 345, '2014/06/15'),
(1234567, 999999, 123, '2014/07/15'),
(1234568, 999999, 45, '2014/07/15'),
(1245670, 999999, 1, '2014/07/15'),
(1234987, 999999, 3, '2014/07/15'),
(1234567, 999999, 456, '2014/08/15'),
(1234568, 999999, 1, '2014/08/15'),
(1245670, 999999, 32, '2014/08/15'),
(1234987, 999999, 20, '2014/08/15'),
(1234567, 999999, 45, '2014/09/15'),
(1234568, 999999, 14, '2014/09/15'),
(1245670, 999999, 456, '2014/09/15'),
(1234987, 999999, 12, '2014/09/15'),
(1234567, 999999, 45, '2014/10/15'),
(1234568, 999999, 123, '2014/10/15'),
(1245670, 999999, 234, '2014/10/15'),
(1234987, 999999, 1, '2014/10/15'),
(1234567, 999999, 3, '2014/11/15'),
(1234568, 999999, 6, '2014/11/15'),
(1245670, 999999, 45, '2014/11/15'),
(1234987, 999999, 10, '2014/11/15'),
(1234567, 999999, 67, '2014/12/15'),
(1234568, 999999, 81, '2014/12/15'),
(1245670, 999999, 48, '2014/12/15'),
(1234987, 999999, 25, '2014/12/15'),
(1234567, 999999, 16, '2015/01/15'),
(1234568, 999999, 12, '2015/01/15'),
(1245670, 999999, 123, '2015/01/15'),
(1234987, 999999, 123, '2015/01/15'),
(1234567, 999999, 321, '2015/02/15'),
(1234568, 999999, 213, '2015/02/15'),
(1245670, 999999, 231, '2015/02/15'),
(1234987, 999999, 1, '2015/02/15'),
(1234567, 999999, 2, '2015/03/15'),
(1234568, 999999, 3, '2015/03/15'),
(1245670, 999999, 4, '2015/03/15'),
(1234987, 999999, 5, '2015/03/15'),
(1234567, 999999, 6, '2015/04/15'),
(1234568, 999999, 7, '2015/04/15'),
(1245670, 999999, 8, '2015/04/15'),
(1234987, 999999, 9, '2015/04/15'),
(1234567, 999999, 10, '2015/05/15'),
(1234568, 999999, 11, '2015/05/15'),
(1245670, 999999, 12, '2015/05/15'),
(1234987, 999999, 13, '2015/05/15'),
(1234567, 999999, 14, '2015/06/15'),
(1234568, 999999, 15, '2015/06/15'),
(1245670, 999999, 16, '2015/06/15'),
(1234987, 999999, 17, '2015/06/15'),
(1234567, 999999, 18, '2015/07/15'),
(1234568, 999999, 19, '2015/07/15'),
(1245670, 999999, 20, '2015/07/15'),
(1234987, 999999, 21, '2015/07/15'),
(1234567, 999999, 22, '2015/08/15'),
(1234568, 999999, 23, '2015/08/15'),
(1245670, 999999, 24, '2015/08/15'),
(1234987, 999999, 25, '2015/08/15'),
(1234567, 999999, 26, '2015/09/15'),
(1234568, 999999, 27, '2015/09/15'),
(1245670, 999999, 28, '2015/09/15'),
(1234987, 999999, 29, '2015/09/15'),
(1234567, 999999, 30, '2015/10/15'),
(1234568, 999999, 31, '2015/10/15'),
(1245670, 999999, 32, '2015/10/15'),
(1234987, 999999, 33, '2015/10/15'),
(1234567, 999999, 34, '2015/11/15'),
(1234568, 999999, 35, '2015/11/15'),
(1245670, 999999, 36, '2015/11/15'),
(1234987, 999999, 37, '2015/11/15'),
(1234567, 999999, 38, '2015/12/15'),
(1234568, 999999, 39, '2015/12/15'),
(1245670, 999999, 40, '2015/12/15'),
(1234987, 999999, 41, '2015/12/15'),
(1234567, 999999, 16, '2016/01/15'),
(1234568, 999999, 12, '2016/01/15'),
(1245670, 999999, 49, '2016/01/15'),
(1234987, 999999, 23, '2016/01/15'),
(1234567, 999999, 567, '2016/02/15'),
(1234568, 999999, 129, '2016/02/15'),
(1245670, 999999, 284, '2016/02/15'),
(1234987, 999999, 234, '2016/02/15'),
(1234567, 999999, 564, '2016/03/15'),
(1234568, 999999, 145, '2016/03/15'),
(1245670, 999999, 456, '2016/03/15'),
(1234987, 999999, 785, '2016/03/15'),
(1234567, 999999, 179, '2016/04/15'),
(1234568, 999999, 163, '2016/04/15'),
(1245670, 999999, 268, '2016/04/15'),
(1234987, 999999, 190, '2016/04/15'),
(1234567, 999999, 107, '2016/05/15'),
(1234568, 999999, 207, '2016/05/15'),
(1245670, 999999, 298, '2016/05/15'),
(1234987, 999999, 105, '2016/05/15'),
(1234567, 999999, 114, '2016/06/15'),
(1234568, 999999, 221, '2016/06/15'),
(1245670, 999999, 345, '2016/06/15'),
(1234987, 999999, 572, '2016/06/15'),
(1234567, 999999, 431, '2016/07/15'),
(1234568, 999999, 562, '2016/07/15'),
(1245670, 999999, 124, '2016/07/15'),
(1234987, 999999, 162, '2016/07/15'),
(1234567, 999999, 18, '2016/08/15'),
(1234568, 999999, 9, '2016/08/15'),
(1245670, 999999, 12, '2016/08/15'),
(1234987, 999999, 89, '2016/08/15'),
(1234567, 999999, 77, '2016/09/15'),
(1234568, 999999, 37, '2016/09/15'),
(1245670, 999999, 1, '2016/09/15'),
(1234987, 999999, 0, '2016/09/15'),
(1234567, 999999, 3, '2016/10/15'),
(1234568, 999999, 2, '2016/10/15'),
(1245670, 999999, 78, '2016/10/15'),
(1234987, 999999, 33, '2016/10/15'),
(1234567, 999999, 79, '2016/11/15'),
(1234568, 999999, 90, '2016/11/15'),
(1245670, 999999, 11, '2016/11/15'),
(1234987, 999999, 22, '2016/11/15'),
(1234567, 999999, 44, '2016/12/15'),
(1234568, 999999, 55, '2016/12/15'),
(1245670, 999999, 134, '2016/12/15'),
(1234987, 999999, 141, '2016/12/15'),
(1234567, 123454, 3, '2014/01/15'),
(1234568, 123454, 6, '2014/01/15'),
(1245670, 123454, 19, '2014/01/15'),
(1234567, 123454, 4, '2014/02/15'),
(1234568, 123454, 6, '2014/02/15'),
(1245670, 123454, 17, '2014/02/15'),
(1234567, 123454, 30, '2014/03/15'),
(1234568, 123454, 2, '2014/03/15'),
(1245670, 123454, 41, '2014/03/15'),
(1234567, 123454, 4, '2014/04/15'),
(1234568, 123454, 2, '2014/04/15'),
(1245670, 123454, 221, '2014/04/15'),
(1234567, 123454, 10, '2014/05/15'),
(1234568, 123454, 9, '2014/05/15'),
(1245670, 123454, 25, '2014/05/15'),
(1234567, 123454, 11, '2014/06/15'),
(1234568, 123454, 68, '2014/06/15'),
(1245670, 123454, 37, '2014/06/15'),
(1234987, 123454, 45, '2014/06/15'),
(1234567, 123454, 23, '2014/07/15'),
(1234568, 123454, 25, '2014/07/15'),
(1245670, 123454, 13, '2014/07/15'),
(1234987, 123454, 13, '2014/07/15'),
(1234567, 123454, 46, '2014/08/15'),
(1234568, 123454, 13, '2014/08/15'),
(1245670, 123454, 312, '2014/08/15'),
(1234987, 123454, 2, '2014/08/15'),
(1234567, 123454, 435, '2014/09/15'),
(1234568, 123454, 1, '2014/09/15'),
(1245670, 123454, 56, '2014/09/15'),
(1234987, 123454, 112, '2014/09/15'),
(1234567, 123454, 45, '2014/10/15'),
(1234568, 123454, 13, '2014/10/15'),
(1245670, 123454, 34, '2014/10/15'),
(1234987, 123454, 71, '2014/10/15'),
(1234567, 123454, 39, '2014/11/15'),
(1234568, 123454, 60, '2014/11/15'),
(1245670, 123454, 4, '2014/11/15'),
(1234987, 123454, 190, '2014/11/15'),
(1234567, 123454, 6, '2014/12/15'),
(1234568, 123454, 41, '2014/12/15'),
(1245670, 123454, 28, '2014/12/15'),
(1234987, 123454, 215, '2014/12/15'),
(1234567, 123454, 14, '2015/01/15'),
(1234568, 123454, 14, '2015/01/15'),
(1245670, 123454, 163, '2015/01/15'),
(1234987, 123454, 13, '2015/01/15'),
(1234567, 123454, 21, '2015/02/15'),
(1234568, 123454, 13, '2015/02/15'),
(1245670, 123454, 31, '2015/02/15'),
(1234987, 123454, 12, '2015/02/15'),
(1234567, 123454, 22, '2015/03/15'),
(1234568, 123454, 34, '2015/03/15'),
(1245670, 123454, 45, '2015/03/15'),
(1234987, 123454, 56, '2015/03/15'),
(1234567, 123454, 67, '2015/04/15'),
(1234568, 123454, 78, '2015/04/15'),
(1245670, 123454, 89, '2015/04/15'),
(1234987, 123454, 90, '2015/04/15'),
(1234567, 123454, 101, '2015/05/15'),
(1234568, 123454, 111, '2015/05/15'),
(1245670, 123454, 121, '2015/05/15'),
(1234987, 123454, 131, '2015/05/15'),
(1234567, 123454, 142, '2015/06/15'),
(1234568, 123454, 153, '2015/06/15'),
(1245670, 123454, 164, '2015/06/15'),
(1234987, 123454, 175, '2015/06/15'),
(1234567, 123454, 186, '2015/07/15'),
(1234568, 123454, 197, '2015/07/15'),
(1245670, 123454, 208, '2015/07/15'),
(1234987, 123454, 218, '2015/07/15'),
(1234567, 123454, 229, '2015/08/15'),
(1234568, 123454, 231, '2015/08/15'),
(1245670, 123454, 242, '2015/08/15'),
(1234987, 123454, 253, '2015/08/15'),
(1234567, 123454, 264, '2015/09/15'),
(1234568, 123454, 275, '2015/09/15'),
(1245670, 123454, 286, '2015/09/15'),
(1234987, 123454, 297, '2015/09/15'),
(1234567, 123454, 3, '2015/10/15'),
(1234568, 123454, 3, '2015/10/15'),
(1245670, 123454, 3, '2015/10/15'),
(1234987, 123454, 3, '2015/10/15'),
(1234567, 123454, 3, '2015/11/15'),
(1234568, 123454, 5, '2015/11/15'),
(1245670, 123454, 6, '2015/11/15'),
(1234987, 123454, 7, '2015/11/15'),
(1234567, 123454, 8, '2015/12/15'),
(1234568, 123454, 19, '2015/12/15'),
(1245670, 123454, 10, '2015/12/15'),
(1234987, 123454, 11, '2015/12/15'),
(1234567, 123454, 16, '2016/01/15'),
(1234568, 123454, 22, '2016/01/15'),
(1245670, 123454, 39, '2016/01/15'),
(1234987, 123454, 63, '2016/01/15'),
(1234567, 123454, 67, '2016/02/15'),
(1234568, 123454, 29, '2016/02/15'),
(1245670, 123454, 84, '2016/02/15'),
(1234987, 123454, 34, '2016/02/15'),
(1234567, 123454, 64, '2016/03/15'),
(1234568, 123454, 45, '2016/03/15'),
(1245670, 123454, 56, '2016/03/15'),
(1234987, 123454, 85, '2016/03/15'),
(1234567, 123454, 79, '2016/04/15'),
(1234568, 123454, 63, '2016/04/15'),
(1245670, 123454, 68, '2016/04/15'),
(1234987, 123454, 130, '2016/04/15'),
(1234567, 123454, 17, '2016/05/15'),
(1234568, 123454, 07, '2016/05/15'),
(1245670, 123454, 28, '2016/05/15'),
(1234987, 123454, 10, '2016/05/15'),
(1234567, 123454, 14, '2016/06/15'),
(1234568, 123454, 21, '2016/06/15'),
(1245670, 123454, 345, '2016/06/15'),
(1234987, 123454, 72, '2016/06/15'),
(1234567, 123454, 41, '2016/07/15'),
(1234568, 123454, 562, '2016/07/15'),
(1245670, 123454, 14, '2016/07/15'),
(1234987, 123454, 162, '2016/07/15'),
(1234567, 123454, 1, '2016/08/15'),
(1234568, 123454, 92, '2016/08/15'),
(1245670, 123454, 121, '2016/08/15'),
(1234987, 123454, 83, '2016/08/15'),
(1234567, 123454, 71, '2016/09/15'),
(1234568, 123454, 34, '2016/09/15'),
(1245670, 123454, 167, '2016/09/15'),
(1234987, 123454, 45, '2016/09/15'),
(1234567, 123454, 321, '2016/10/15'),
(1234568, 123454, 21, '2016/10/15'),
(1245670, 123454, 278, '2016/10/15'),
(1234987, 123454, 333, '2016/10/15'),
(1234567, 123454, 179, '2016/11/15'),
(1234568, 123454, 190, '2016/11/15'),
(1245670, 123454, 411, '2016/11/15'),
(1234987, 123454, 722, '2016/11/15'),
(1234567, 123454, 344, '2016/12/15'),
(1234568, 123454, 525, '2016/12/15'),
(1245670, 123454, 34, '2016/12/15'),
(1234987, 123454, 41, '2016/12/15'),
(1234567, 234543, 340, '2014/01/15'),
(1234568, 234543, 61, '2014/01/15'),
(1245670, 234543, 90, '2014/01/15'),
(1234567, 234543, 244, '2014/02/15'),
(1234568, 234543, 256, '2014/02/15'),
(1245670, 234543, 745, '2014/02/15'),
(1234567, 234543, 912, '2014/03/15'),
(1234568, 234543, 11, '2014/03/15'),
(1245670, 234543, 12, '2014/03/15'),
(1234567, 234543, 334, '2014/04/15'),
(1234568, 234543, 212, '2014/04/15'),
(1245670, 234543, 111, '2014/04/15'),
(1234567, 234543, 10, '2014/05/15'),
(1234568, 234543, 9, '2014/05/15'),
(1245670, 234543, 195, '2014/05/15'),
(1234567, 234543, 121, '2014/06/15'),
(1234568, 234543, 58, '2014/06/15'),
(1245670, 234543, 73, '2014/06/15'),
(1234987, 234543, 35, '2014/06/15'),
(1234567, 234543, 23, '2014/07/15'),
(1234568, 234543, 245, '2014/07/15'),
(1245670, 234543, 13, '2014/07/15'),
(1234987, 234543, 34, '2014/07/15'),
(1234567, 234543, 46, '2014/08/15'),
(1234568, 234543, 124, '2014/08/15'),
(1245670, 234543, 356, '2014/08/15'),
(1234987, 234543, 205, '2014/08/15'),
(1234567, 234543, 457, '2014/09/15'),
(1234568, 234543, 145, '2014/09/15'),
(1245670, 234543, 46, '2014/09/15'),
(1234987, 234543, 142, '2014/09/15'),
(1234567, 234543, 455, '2014/10/15'),
(1234568, 234543, 23, '2014/10/15'),
(1245670, 234543, 34, '2014/10/15'),
(1234987, 234543, 134, '2014/10/15'),
(1234567, 234543, 31, '2014/11/15'),
(1234568, 234543, 65, '2014/11/15'),
(1245670, 234543, 41, '2014/11/15'),
(1234987, 234543, 13, '2014/11/15'),
(1234567, 234543, 67, '2014/12/15'),
(1234568, 234543, 12, '2014/12/15'),
(1245670, 234543, 45, '2014/12/15'),
(1234987, 234543, 225, '2014/12/15'),
(1234567, 234543, 161, '2015/01/15'),
(1234568, 234543, 126, '2015/01/15'),
(1245670, 234543, 12, '2015/01/15'),
(1234987, 234543, 13, '2015/01/15'),
(1234567, 234543, 21, '2015/02/15'),
(1234568, 234543, 23, '2015/02/15'),
(1245670, 234543, 29, '2015/02/15'),
(1234987, 234543, 19, '2015/02/15'),
(1234567, 234543, 23, '2015/03/15'),
(1234568, 234543, 32, '2015/03/15'),
(1245670, 234543, 41, '2015/03/15'),
(1234987, 234543, 56, '2015/03/15'),
(1234567, 234543, 67, '2015/04/15'),
(1234568, 234543, 79, '2015/04/15'),
(1245670, 234543, 81, '2015/04/15'),
(1234987, 234543, 93, '2015/04/15'),
(1234567, 234543, 101, '2015/05/15'),
(1234568, 234543, 111, '2015/05/15'),
(1245670, 234543, 123, '2015/05/15'),
(1234987, 234543, 1, '2015/05/15'),
(1234567, 234543, 4, '2015/06/15'),
(1234568, 234543, 175, '2015/06/15'),
(1245670, 234543, 216, '2015/06/15'),
(1234987, 234543, 70, '2015/06/15'),
(1234567, 234543, 47, '2015/07/15'),
(1234568, 234543, 12, '2015/07/15'),
(1245670, 234543, 21, '2015/07/15'),
(1234987, 234543, 26, '2015/07/15'),
(1234567, 234543, 9, '2015/08/15'),
(1234568, 234543, 13, '2015/08/15'),
(1245670, 234543, 224, '2015/08/15'),
(1234987, 234543, 125, '2015/08/15'),
(1234567, 234543, 526, '2015/09/15'),
(1234568, 234543, 127, '2015/09/15'),
(1245670, 234543, 238, '2015/09/15'),
(1234987, 234543, 249, '2015/09/15'),
(1234567, 234543, 130, '2015/10/15'),
(1234568, 234543, 321, '2015/10/15'),
(1245670, 234543, 342, '2015/10/15'),
(1234987, 234543, 633, '2015/10/15'),
(1234567, 234543, 314, '2015/11/15'),
(1234568, 234543, 3, '2015/11/15'),
(1245670, 234543, 16, '2015/11/15'),
(1234987, 234543, 77, '2015/11/15'),
(1234567, 234543, 238, '2015/12/15'),
(1234568, 234543, 539, '2015/12/15'),
(1245670, 234543, 80, '2015/12/15'),
(1234987, 234543, 31, '2015/12/15'),
(1234567, 234543, 36, '2016/01/15'),
(1234568, 234543, 52, '2016/01/15'),
(1245670, 234543, 79, '2016/01/15'),
(1234987, 234543, 83, '2016/01/15'),
(1234567, 234543, 56, '2016/02/15'),
(1234568, 234543, 12, '2016/02/15'),
(1245670, 234543, 28, '2016/02/15'),
(1234987, 234543, 23, '2016/02/15'),
(1234567, 234543, 56, '2016/03/15'),
(1234568, 234543, 14, '2016/03/15'),
(1245670, 234543, 45, '2016/03/15'),
(1234987, 234543, 78, '2016/03/15'),
(1234567, 234543, 17, '2016/04/15'),
(1234568, 234543, 16, '2016/04/15'),
(1245670, 234543, 26, '2016/04/15'),
(1234987, 234543, 19, '2016/04/15'),
(1234567, 234543, 10, '2016/05/15'),
(1234568, 234543, 20, '2016/05/15'),
(1245670, 234543, 29, '2016/05/15'),
(1234987, 234543, 10, '2016/05/15'),
(1234567, 234543, 11, '2016/06/15'),
(1234568, 234543, 22, '2016/06/15'),
(1245670, 234543, 34, '2016/06/15'),
(1234987, 234543, 57, '2016/06/15'),
(1234567, 234543, 43, '2016/07/15'),
(1234568, 234543, 56, '2016/07/15'),
(1245670, 234543, 12, '2016/07/15'),
(1234987, 234543, 16, '2016/07/15'),
(1234567, 234543, 183, '2016/08/15'),
(1234568, 234543, 95, '2016/08/15'),
(1245670, 234543, 122, '2016/08/15'),
(1234987, 234543, 321, '2016/08/15'),
(1234567, 234543, 177, '2016/09/15'),
(1234568, 234543, 237, '2016/09/15'),
(1245670, 234543, 91, '2016/09/15'),
(1234987, 234543, 90, '2016/09/15'),
(1234567, 234543, 93, '2016/10/15'),
(1234568, 234543, 92, '2016/10/15'),
(1245670, 234543, 378, '2016/10/15'),
(1234987, 234543, 313, '2016/10/15'),
(1234567, 234543, 479, '2016/11/15'),
(1234568, 234543, 290, '2016/11/15'),
(1245670, 234543, 311, '2016/11/15'),
(1234987, 234543, 122, '2016/11/15'),
(1234567, 234543, 144, '2016/12/15'),
(1234568, 234543, 155, '2016/12/15'),
(1245670, 234543, 234, '2016/12/15'),
(1234987, 234543, 341, '2016/12/15'),
(1234567, 456743, 130, '2014/01/15'),
(1234568, 456743, 166, '2014/01/15'),
(1245670, 456743, 129, '2014/01/15'),
(1234567, 456743, 144, '2014/02/15'),
(1234568, 456743, 156, '2014/02/15'),
(1245670, 456743, 172, '2014/02/15'),
(1234567, 456743, 190, '2014/03/15'),
(1234568, 456743, 112, '2014/03/15'),
(1245670, 456743, 114, '2014/03/15'),
(1234567, 456743, 234, '2014/04/15'),
(1234568, 456743, 122, '2014/04/15'),
(1245670, 456743, 127, '2014/04/15'),
(1234567, 456743, 189, '2014/05/15'),
(1234568, 456743, 299, '2014/05/15'),
(1245670, 456743, 295, '2014/05/15'),
(1234567, 456743, 311, '2014/06/15'),
(1234568, 456743, 36, '2014/06/15'),
(1245670, 456743, 72, '2014/06/15'),
(1234987, 456743, 35, '2014/06/15'),
(1234567, 456743, 13, '2014/07/15'),
(1234568, 456743, 5, '2014/07/15'),
(1245670, 456743, 61, '2014/07/15'),
(1234987, 456743, 30, '2014/07/15'),
(1234567, 456743, 246, '2014/08/15'),
(1234568, 456743, 11, '2014/08/15'),
(1245670, 456743, 232, '2014/08/15'),
(1234987, 456743, 220, '2014/08/15'),
(1234567, 456743, 245, '2014/09/15'),
(1234568, 456743, 124, '2014/09/15'),
(1245670, 456743, 156, '2014/09/15'),
(1234987, 456743, 132, '2014/09/15'),
(1234567, 456743, 145, '2014/10/15'),
(1234568, 456743, 23, '2014/10/15'),
(1245670, 456743, 34, '2014/10/15'),
(1234987, 456743, 145, '2014/10/15'),
(1234567, 456743, 23, '2014/11/15'),
(1234568, 456743, 69, '2014/11/15'),
(1245670, 456743, 85, '2014/11/15'),
(1234987, 456743, 70, '2014/11/15'),
(1234567, 456743, 127, '2014/12/15'),
(1234568, 456743, 121, '2014/12/15'),
(1245670, 456743, 418, '2014/12/15'),
(1234987, 456743, 234, '2014/12/15'),
(1234567, 456743, 116, '2015/01/15'),
(1234568, 456743, 112, '2015/01/15'),
(1245670, 456743, 13, '2015/01/15'),
(1234987, 456743, 23, '2015/01/15'),
(1234567, 456743, 21, '2015/02/15'),
(1234568, 456743, 313, '2015/02/15'),
(1245670, 456743, 131, '2015/02/15'),
(1234987, 456743, 138, '2015/02/15'),
(1234567, 456743, 276, '2015/03/15'),
(1234568, 456743, 354, '2015/03/15'),
(1245670, 456743, 234, '2015/03/15'),
(1234987, 456743, 165, '2015/03/15'),
(1234567, 456743, 176, '2015/04/15'),
(1234568, 456743, 147, '2015/04/15'),
(1245670, 456743, 168, '2015/04/15'),
(1234987, 456743, 189, '2015/04/15'),
(1234567, 456743, 190, '2015/05/15'),
(1234568, 456743, 171, '2015/05/15'),
(1245670, 456743, 162, '2015/05/15'),
(1234987, 456743, 143, '2015/05/15'),
(1234567, 456743, 124, '2015/06/15'),
(1234568, 456743, 159, '2015/06/15'),
(1245670, 456743, 106, '2015/06/15'),
(1234987, 456743, 147, '2015/06/15'),
(1234567, 456743, 138, '2015/07/15'),
(1234568, 456743, 129, '2015/07/15'),
(1245670, 456743, 260, '2015/07/15'),
(1234987, 456743, 271, '2015/07/15'),
(1234567, 456743, 282, '2015/08/15'),
(1234568, 456743, 123, '2015/08/15'),
(1245670, 456743, 224, '2015/08/15'),
(1234987, 456743, 235, '2015/08/15'),
(1234567, 456743, 256, '2015/09/15'),
(1234568, 456743, 127, '2015/09/15'),
(1245670, 456743, 28, '2015/09/15'),
(1234987, 456743, 129, '2015/09/15'),
(1234567, 456743, 30, '2015/10/15'),
(1234568, 456743, 321, '2015/10/15'),
(1245670, 456743, 32, '2015/10/15'),
(1234987, 456743, 133, '2015/10/15'),
(1234567, 456743, 134, '2015/11/15'),
(1234568, 456743, 135, '2015/11/15'),
(1245670, 456743, 46, '2015/11/15'),
(1234987, 456743, 47, '2015/11/15'),
(1234567, 456743, 58, '2015/12/15'),
(1234568, 456743, 79, '2015/12/15'),
(1245670, 456743, 90, '2015/12/15'),
(1234987, 456743, 61, '2015/12/15'),
(1234567, 456743, 96, '2016/01/15'),
(1234568, 456743, 52, '2016/01/15'),
(1245670, 456743, 89, '2016/01/15'),
(1234987, 456743, 93, '2016/01/15'),
(1234567, 456743, 67, '2016/02/15'),
(1234568, 456743, 29, '2016/02/15'),
(1245670, 456743, 84, '2016/02/15'),
(1234987, 456743, 134, '2016/02/15'),
(1234567, 456743, 54, '2016/03/15'),
(1234568, 456743, 125, '2016/03/15'),
(1245670, 456743, 156, '2016/03/15'),
(1234987, 456743, 235, '2016/03/15'),
(1234567, 456743, 169, '2016/04/15'),
(1234568, 456743, 193, '2016/04/15'),
(1245670, 456743, 218, '2016/04/15'),
(1234987, 456743, 180, '2016/04/15'),
(1234567, 456743, 117, '2016/05/15'),
(1234568, 456743, 287, '2016/05/15'),
(1245670, 456743, 228, '2016/05/15'),
(1234987, 456743, 155, '2016/05/15'),
(1234567, 456743, 194, '2016/06/15'),
(1234568, 456743, 241, '2016/06/15'),
(1245670, 456743, 305, '2016/06/15'),
(1234987, 456743, 502, '2016/06/15'),
(1234567, 456743, 401, '2016/07/15'),
(1234568, 456743, 502, '2016/07/15'),
(1245670, 456743, 104, '2016/07/15'),
(1234987, 456743, 102, '2016/07/15'),
(1234567, 456743, 167, '2016/08/15'),
(1234568, 456743, 99, '2016/08/15'),
(1245670, 456743, 126, '2016/08/15'),
(1234987, 456743, 389, '2016/08/15'),
(1234567, 456743, 277, '2016/09/15'),
(1234568, 456743, 137, '2016/09/15'),
(1245670, 456743, 111, '2016/09/15'),
(1234987, 456743, 50, '2016/09/15'),
(1234567, 456743, 63, '2016/10/15'),
(1234568, 456743, 82, '2016/10/15'),
(1245670, 456743, 278, '2016/10/15'),
(1234987, 456743, 133, '2016/10/15'),
(1234567, 456743, 379, '2016/11/15'),
(1234568, 456743, 590, '2016/11/15'),
(1245670, 456743, 611, '2016/11/15'),
(1234987, 456743, 822, '2016/11/15'),
(1234567, 456743, 944, '2016/12/15'),
(1234568, 456743, 155, '2016/12/15'),
(1245670, 456743, 234, '2016/12/15'),
(1234987, 456743, 341, '2016/12/15');





